{
    "name": "shared",
    "version": 1,
    "linux_path": "shared.so",
    "windows_path": "shared.dll",
    "macos_path": "shared.dylib",
    "functions": [
        {
            "name": "f_open",
            "parameters": [
                {
                    "name": "path",
                    "type": "string"
                },
                {
                    "name": "flag",
                    "type": "int"
                },
                {
                    "name": "mode",
                    "type": "int"
                }
            ],
            "arg": false,
            "return_type": "int"
        },
        {
            "name": "f_read",
            "parameters": [
                {
                    "name": "fd",
                    "type": "int"
                },
                {
                    "name": "count",
                    "type": "int"
                }
            ],
            "arg": false,
            "return_type": "string"
        },
        {
            "name": "f_write",
            "parameters": [
                {
                    "name": "fd",
                    "type": "int"
                },
                {
                    "name": "data",
                    "type": "string"
                },
                {
                    "name": "n",
                    "type": "int"
                }
            ],
            "arg": false,
            "return_type": "int"
        },
        {
            "name": "f_close",
            "parameters": [
                {
                    "name": "fd",
                    "type": "int"
                }
            ],
            "arg": false,
            "return_type": "int"
        },
        {
            "name": "f_seek",
            "parameters": [
                {
                    "name": "fd",
                    "type": "int"
                },
                {
                    "name": "offset",
                    "type": "int"
                },
                {
                    "name": "whence",
                    "type": "int"
                }
            ],
            "arg": false,
            "return_type": "int"
        },
        {
            "name": "f_getc",
            "parameters": [],
            "arg": false,
            "return_type": "char"
        },
        {
            "name": "f_gets",
            "parameters": [],
            "arg": false,
            "return_type": "string"
        }
    ]
}